Type,Product,Started Date,Completed Date,Description,Amount,Fee,Currency,State,Balance
TOPUP,Current,2026-08-01 09:00:00,2026-08-01 09:00:05,Payment from Lavoro Pizzeria,280.00,0.00,EUR,COMPLETED,330.00
CARD_PAYMENT,Current,2026-08-03 12:00:00,2026-08-04 08:00:00,Esselunga Milano,-18.40,0.00,EUR,COMPLETED,311.60
CARD_PAYMENT,Current,2026-08-06 20:00:00,2026-08-07 08:00:00,Glovo,-14.90,0.00,EUR,COMPLETED,296.70
CARD_PAYMENT,Current,2026-08-10 08:00:00,2026-08-10 08:00:00,Spotify,-5.99,0.00,EUR,COMPLETED,290.71
TRANSFER,Current,2026-08-12 10:00:00,2026-08-12 10:00:00,To pocket EUR Emergenza,-56.00,0.00,EUR,COMPLETED,234.71
CARD_PAYMENT,Current,2026-08-20 18:00:00,2026-08-21 08:00:00,Zalando,-39.90,0.00,EUR,COMPLETED,194.81
TOPUP,Current,2026-09-01 09:00:00,2026-09-01 09:00:05,Payment from Lavoro Pizzeria,320.00,0.00,EUR,COMPLETED,514.81
CARD_PAYMENT,Current,2026-09-02 12:00:00,2026-09-03 08:00:00,Esselunga Milano,-23.40,0.00,EUR,COMPLETED,491.41
CARD_PAYMENT,Current,2026-09-04 08:00:00,2026-09-04 08:00:00,Bar Centrale,-1.20,0.00,EUR,COMPLETED,490.21
CARD_PAYMENT,Current,2026-09-04 19:00:00,2026-09-04 19:00:00,McDonald's,-9.50,0.00,EUR,COMPLETED,480.71
TRANSFER,Current,2026-09-05 10:00:00,2026-09-05 10:00:00,To pocket EUR Emergenza,-64.00,0.00,EUR,COMPLETED,416.71
CARD_PAYMENT,Current,2026-09-08 10:00:00,2026-09-08 10:00:00,Trenitalia,-12.60,0.00,EUR,COMPLETED,404.11
CARD_PAYMENT,Current,2026-09-10 08:00:00,2026-09-10 08:00:00,Spotify,-5.99,0.00,EUR,COMPLETED,398.12
CARD_PAYMENT,Current,2026-09-15 16:00:00,2026-09-16 08:00:00,Amazon.it*AB12CD,-27.99,0.00,EUR,COMPLETED,370.13
ATM,Current,2026-09-18 10:00:00,2026-09-18 10:00:00,Cash at Bancomat,-40.00,0.00,EUR,COMPLETED,330.13
CARD_PAYMENT,Current,2026-09-22 21:00:00,2026-09-22 21:00:00,UCI Cinemas,-8.50,0.00,EUR,COMPLETED,321.63
CARD_PAYMENT,Current,2026-09-25 13:00:00,2026-09-25 13:00:00,Tabaccheria Rossi,-4.00,0.00,EUR,COMPLETED,317.63
